SAMPLE;SPECIES_NAME_PRINT;FAMILY;SUBFAMILY;SUPERTRIBE;TRIBE;GENUS;SPECIES;DATASET;powo_identifier;gbif_identifier;WCVP_continent;WCVP_geographic_area;WCVP_lifeform_description;WCVP_climate_description;GROWTH_FORM;SOCIETAL_USE;COMMON_NAME;DUTCH_NAME;GENUS_TYPE
Afroguatteria;Afroguatteria;Annonaceae;Annonoideae;Uvarieae;Uvarieae;Afroguatteria;Afroguatteria;(De Wild.) Boutique;2000ABS-2;100002;Africa - Continental;Africa - Continental;NA;subtropical;NA;NA;NA;NA;NA
Alphonsea;Alphonsea;Annonaceae;Malmeoideae;Miliuseae;Miliuseae;Alphonsea;Alphonsea;(Diels) X. Guo & R. M. K. Saunders;2000ABS-3;100002;South East Asia;South East Asia;NA;subtropical;NA;NA;NA;NA;NA
Ambavia;Ambavia;Annonaceae;Ambavioideae;Tetramerantheae;Tetramerantheae;Ambavia;Ambavia;Paiva;2000ABS-4;100002;Madagascar - Indian Islands;Madagascar - Indian Islands;NA;subtropical;NA;NA;NA;NA;NA
Anaxagorea;Anaxagorea;Annonaceae;Anaxagoreoideae;abs;abs;Anaxagorea;Anaxagorea;Leerat. & Chalermglin;2000ABS-5;100002;South/Central America;South/Central America;NA;subtropical;NA;NA;NA;NA;NA
Annickia;Annickia;Annonaceae;Malmeoideae;Annickieae;Annickieae;Annickia;Annickia;Finet & Gagnep.;2000ABS-6;100002;Africa - Continental;Africa - Continental;NA;subtropical;NA;NA;NA;NA;NA
Annona;Annona;Annonaceae;Annonoideae;Annoneae;Annoneae;Annona;Annona;I. M. Turner;2000ABS-7;100002;South/Central America;South/Central America;NA;subtropical;NA;NA;NA;NA;NA
Anonidium;Anonidium;Annonaceae;Annonoideae;Annoneae;Annoneae;Anonidium;Anonidium;King;2000ABS-8;100002;South/Central America;South/Central America;NA;subtropical;NA;NA;NA;NA;NA
Artabotrys;Artabotrys;Annonaceae;Annonoideae;Duguetieae;Duguetieae;Artabotrys;Artabotrys;King;2000ABS-9;100002;South East Asia;South East Asia;NA;subtropical;NA;NA;NA;NA;NA
Asimina;Asimina;Annonaceae;Annonoideae;Annoneae;Annoneae;Asimina;Asimina;Hook. f. & Thomson;2000ABS-10;100002;North America;North America;NA;subtropical;NA;NA;NA;NA;NA
Asteranthe;Asteranthe;Annonaceae;Annonoideae;Monodoreae;Monodoreae;Asteranthe;Asteranthe;(Baill.) Finet & Gagnep.;2000ABS-11;100002;Africa - Continental;Africa - Continental;NA;subtropical;NA;NA;NA;NA;NA
Bocagea;Bocagea;Annonaceae;Annonoideae;Bocageeae;Bocageeae;Bocagea;Bocagea;Y.H. Tan & B. Xue;2000ABS-12;100002;South/Central America;South/Central America;NA;subtropical;NA;NA;NA;NA;NA
Bocageopsis;Bocageopsis;Annonaceae;Malmeoideae;Malmeeae;Malmeeae;Bocageopsis;Bocageopsis;Merr. & Chun;2000ABS-13;100002;South/Central America;South/Central America;NA;subtropical;NA;NA;NA;NA;NA
Brieya;Brieya;Annonaceae;Malmeoideae;Piptostigmateae;Piptostigmateae;Brieya;Brieya;Keﬂler;2000ABS-14;100002;Africa - Continental;Africa - Continental;NA;subtropical;NA;NA;NA;NA;NA
Cananga;Cananga;Annonaceae;Ambavioideae;Canangeae;Canangeae;Cananga;Cananga;H. Huber;2000ABS-15;100002;South East Asia;South East Asia;NA;subtropical;NA;NA;NA;NA;NA
Cardiopetalum;Cardiopetalum;Annonaceae;Annonoideae;Bocageeae;Bocageeae;Cardiopetalum;Cardiopetalum;I.M.Turner & Utteridge;2000ABS-16;100002;South/Central America;South/Central America;NA;subtropical;NA;NA;NA;NA;NA
Cleistochlamys;Cleistochlamys;Annonaceae;Annonoideae;Uvarieae;Uvarieae;Cleistochlamys;Cleistochlamys;Scheff.;2000ABS-17;100002;Africa - Continental;Africa - Continental;NA;subtropical;NA;NA;NA;NA;NA
Cleistopholis;Cleistopholis;Annonaceae;Ambavioideae;Tetramerantheae;Tetramerantheae;Cleistopholis;Cleistopholis;J. Sinclair;2000ABS-18;100002;Africa - Continental;Africa - Continental;NA;subtropical;NA;NA;NA;NA;NA
Cremastosperma;Cremastosperma;Annonaceae;Malmeoideae;Malmeeae;Malmeeae;Cremastosperma;Cremastosperma;Ridl.;2000ABS-19;100002;South/Central America;South/Central America;NA;subtropical;NA;NA;NA;NA;NA
Cyathocalyx;Cyathocalyx;Annonaceae;Ambavioideae;Canangeae;Canangeae;Cyathocalyx;Cyathocalyx;J. Sinclair;2000ABS-20;100002;South East Asia;South East Asia;NA;subtropical;NA;NA;NA;NA;NA
Cymbopetalum;Cymbopetalum;Annonaceae;Annonoideae;Bocageeae;Bocageeae;Cymbopetalum;Cymbopetalum;J. Sinclair;2000ABS-21;100002;South/Central America;South/Central America;NA;subtropical;NA;NA;NA;NA;NA
Dasymaschalon;Dasymaschalon;Annonaceae;Annonoideae;Uvarieae;Uvarieae;Dasymaschalon;Dasymaschalon;Leerat. & Chalermglin;2000ABS-22;100002;South East Asia;South East Asia;NA;subtropical;NA;NA;NA;NA;NA
Dendrokingstonia;Dendrokingstonia;Annonaceae;Malmeoideae;Dendrokingstonieae;Dendrokingstonieae;Dendrokingstonia;Dendrokingstonia;King;2000ABS-23;100002;South East Asia;South East Asia;NA;subtropical;NA;NA;NA;NA;NA
Dennettia;Dennettia;Annonaceae;Annonoideae;Monodoreae;Monodoreae;Dennettia;Dennettia;(Roxb.) Hook. f. & Thomson;2000ABS-24;100002;Africa - Continental;Africa - Continental;NA;subtropical;NA;NA;NA;NA;NA
Desmopsis;Desmopsis;Annonaceae;Malmeoideae;Miliuseae;Miliuseae;Desmopsis;Desmopsis;Hook. f. & Thomson;2000ABS-25;100002;South/Central America;South/Central America;NA;subtropical;NA;NA;NA;NA;NA
Desmos;Desmos;Annonaceae;Annonoideae;Uvarieae;Uvarieae;Desmos;Desmos;Keﬂler;2000ABS-26;100002;South East Asia;South East Asia;NA;subtropical;NA;NA;NA;NA;NA
Diclinanona;Diclinanona;Annonaceae;Annonoideae;Annoneae;Annoneae;Diclinanona;Diclinanona;Dunn;2000ABS-27;100002;South/Central America;South/Central America;NA;subtropical;NA;NA;NA;NA;NA
Dielsiothamnus;Dielsiothamnus;Annonaceae;Annonoideae;Uvarieae;Uvarieae;Dielsiothamnus;Dielsiothamnus;Merr. & Chun;2000ABS-28;100002;Africa - Continental;Africa - Continental;NA;subtropical;NA;NA;NA;NA;NA
Disepalum;Disepalum;Annonaceae;Annonoideae;Annoneae;Annoneae;Disepalum;Disepalum;H. Okada;2000ABS-29;100002;South East Asia;South East Asia;NA;subtropical;NA;NA;NA;NA;NA
Drepananthus;Drepananthus;Annonaceae;Ambavioideae;Canangeae;Canangeae;Drepananthus;Drepananthus;Craib;2000ABS-30;100002;South East Asia;South East Asia;NA;subtropical;NA;NA;NA;NA;NA
Duguetia;Duguetia;Annonaceae;Annonoideae;Duguetieae;Duguetieae;Duguetia;Duguetia;(Pierre) Finet & Gagnep.;2000ABS-31;100002;South/Central America;South/Central America;NA;subtropical;NA;NA;NA;NA;NA
Ephedranthus;Ephedranthus;Annonaceae;Malmeoideae;Malmeeae;Malmeeae;Ephedranthus;Ephedranthus;Leerat. & Chalermglin;2000ABS-32;100002;South/Central America;South/Central America;NA;subtropical;NA;NA;NA;NA;NA
Fenerivia;Fenerivia;Annonaceae;Malmeoideae;Fenerivieae;Fenerivieae;Fenerivia;Fenerivia;I. M. Turner & Utteridge;2000ABS-33;100002;Madagascar - Indian Islands;Madagascar - Indian Islands;NA;subtropical;NA;NA;NA;NA;NA
Fissistigma;Fissistigma;Annonaceae;Annonoideae;Uvarieae;Uvarieae;Fissistigma;Fissistigma;Keﬂler;2000ABS-34;100002;South East Asia;South East Asia;NA;subtropical;NA;NA;NA;NA;NA
Friesodielsia;Friesodielsia;Annonaceae;Annonoideae;Uvarieae;Uvarieae;Friesodielsia;Friesodielsia;B‚n;2000ABS-35;100002;South East Asia;South East Asia;NA;subtropical;NA;NA;NA;NA;NA
Froesiodendron;Froesiodendron;Annonaceae;Annonoideae;Bocageeae;Bocageeae;Froesiodendron;Froesiodendron;Aug. DC.;2000ABS-36;100002;South/Central America;South/Central America;NA;subtropical;NA;NA;NA;NA;NA
Fusaea;Fusaea;Annonaceae;Annonoideae;Annoneae;Annoneae;Fusaea;Fusaea;P. T. Li;2000ABS-37;100002;South/Central America;South/Central America;NA;subtropical;NA;NA;NA;NA;NA
Goniothalamus;Goniothalamus;Annonaceae;Annonoideae;Annoneae;Annoneae;Goniothalamus;Goniothalamus;(Roxb.) Hook. f. & Thomson;2000ABS-38;100002;South East Asia;South East Asia;NA;subtropical;NA;NA;NA;NA;NA
Greenwayodendron;Greenwayodendron;Annonaceae;Malmeoideae;Piptostigmateae;Piptostigmateae;Greenwayodendron;Greenwayodendron;Hook. f. & Thomson;2000ABS-39;100002;Africa - Continental;Africa - Continental;NA;subtropical;NA;NA;NA;NA;NA
Guatteria;Guatteria;Annonaceae;Annonoideae;Guatterieae;Guatterieae;Guatteria;Guatteria;(Cavaco & Keraudren) Le Thomas;2000ABS-40;100002;South/Central America;South/Central America;NA;subtropical;NA;NA;NA;NA;NA
Hexalobus;Hexalobus;Annonaceae;Annonoideae;Monodoreae;Monodoreae;Hexalobus;Hexalobus;(Baill.) Le Thomas;2000ABS-41;100002;Africa - Continental;Africa - Continental;NA;subtropical;NA;NA;NA;NA;NA
Hornschuchia;Hornschuchia;Annonaceae;Annonoideae;Bocageeae;Bocageeae;Hornschuchia;Hornschuchia;(Dunal) A. DC.;2000ABS-42;100002;South/Central America;South/Central America;NA;subtropical;NA;NA;NA;NA;NA
Huberantha;Huberantha;Annonaceae;Malmeoideae;Miliuseae;Miliuseae;Huberantha;Huberantha;R. E. Fr.;2000ABS-43;100002;South East Asia;South East Asia;NA;subtropical;NA;NA;NA;NA;NA
Isolona;Isolona;Annonaceae;Annonoideae;Monodoreae;Monodoreae;Isolona;Isolona;Timmerman;2000ABS-44;100002;Africa - Continental;Africa - Continental;NA;subtropical;NA;NA;NA;NA;NA
Klarobelia;Klarobelia;Annonaceae;Malmeoideae;Malmeeae;Malmeeae;Klarobelia;Klarobelia;(Becc.) J. Sinclair;2000ABS-45;100002;South/Central America;South/Central America;NA;subtropical;NA;NA;NA;NA;NA
Leoheo;Leoheo;Annonaceae;Malmeoideae;Monocarpieae;Monocarpieae;Leoheo;Leoheo;R. E. Fr.;2000ABS-46;100002;South East Asia;South East Asia;NA;subtropical;NA;NA;NA;NA;NA
Letestudoxa;Letestudoxa;Annonaceae;Annonoideae;Duguetieae;Duguetieae;Letestudoxa;Letestudoxa;Timmerman;2000ABS-47;100002;Africa - Continental;Africa - Continental;NA;subtropical;NA;NA;NA;NA;NA
Lettowianthus;Lettowianthus;Annonaceae;Ambavioideae;Canangeae;Canangeae;Lettowianthus;Lettowianthus;Benth.;2000ABS-48;100002;Africa - Continental;Africa - Continental;NA;subtropical;NA;NA;NA;NA;NA
Lukea;Lukea;Annonaceae;Annonoideae;Monodoreae;Monodoreae;Lukea;Lukea;Hemsl.;2000ABS-49;100002;Africa - Continental;Africa - Continental;NA;subtropical;NA;NA;NA;NA;NA
Maasia;Maasia;Annonaceae;Malmeoideae;Maasieae;Maasieae;Maasia;Maasia;Sprague & Sandwith;2000ABS-50;100002;South East Asia;South East Asia;NA;subtropical;NA;NA;NA;NA;NA
Malmea;Malmea;Annonaceae;Malmeoideae;Malmeeae;Malmeeae;Malmea;Malmea;Timmerman;2000ABS-51;100002;South/Central America;South/Central America;NA;subtropical;NA;NA;NA;NA;NA
Marsypopetalum;Marsypopetalum;Annonaceae;Malmeoideae;Miliuseae;Miliuseae;Marsypopetalum;Marsypopetalum;R. E. Fr.;2000ABS-52;100002;South East Asia;South East Asia;NA;subtropical;NA;NA;NA;NA;NA
Meiocarpidium;Meiocarpidium;Annonaceae;Ambavioideae;Meiocarpidieae;Meiocarpidieae;Meiocarpidium;Meiocarpidium;Standl.;2000ABS-53;100002;Africa - Continental;Africa - Continental;NA;subtropical;NA;NA;NA;NA;NA
Meiogyne;Meiogyne;Annonaceae;Malmeoideae;Miliuseae;Miliuseae;Meiogyne;Meiogyne;P. E. Berry & R. B. Miller;2000ABS-54;100002;South East Asia;South East Asia;NA;subtropical;NA;NA;NA;NA;NA
Melodorum;Melodorum;Annonaceae;Malmeoideae;Miliuseae;Miliuseae;Melodorum;Melodorum;Blume;2000ABS-55;100002;South East Asia;South East Asia;NA;subtropical;NA;NA;NA;NA;NA
Mezzettia;Mezzettia;Annonaceae;Ambavioideae;Tetramerantheae;Tetramerantheae;Mezzettia;Mezzettia;A. Gray;2000ABS-56;100002;South East Asia;South East Asia;NA;subtropical;NA;NA;NA;NA;NA
Miliusa;Miliusa;Annonaceae;Malmeoideae;Miliuseae;Miliuseae;Miliusa;Miliusa;R. E. Fr.;2000ABS-57;100002;South East Asia;South East Asia;NA;subtropical;NA;NA;NA;NA;NA
Mischogyne;Mischogyne;Annonaceae;Annonoideae;Monodoreae;Monodoreae;Mischogyne;Mischogyne;Timmerman;2000ABS-58;100002;Africa - Continental;Africa - Continental;NA;subtropical;NA;NA;NA;NA;NA
Mitrella;Mitrella;Annonaceae;Malmeoideae;Miliuseae;Miliuseae;Mitrella;Mitrella;(Diels) R. E. Fr.;2000ABS-59;100002;South East Asia;South East Asia;NA;subtropical;NA;NA;NA;NA;NA
Mitrephora ;Mitrephora ;Annonaceae;Malmeoideae;Miliuseae;Miliuseae;Mitrephora ;Mitrephora ;Standl.;2000ABS-60;100002;South East Asia;South East Asia;NA;subtropical;NA;NA;NA;NA;NA
Mkilua;Mkilua;Annonaceae;Annonoideae;Bocageeae;Bocageeae;Mkilua;Mkilua;R. E. Fr.;2000ABS-61;100002;Africa - Continental;Africa - Continental;NA;subtropical;NA;NA;NA;NA;NA
Monanthotaxis;Monanthotaxis;Annonaceae;Annonoideae;Uvarieae;Uvarieae;Monanthotaxis;Monanthotaxis;Mart.;2000ABS-62;100002;Africa - Continental;Africa - Continental;NA;subtropical;NA;NA;NA;NA;NA
Monocarpia;Monocarpia;Annonaceae;Malmeoideae;Monocarpieae;Monocarpieae;Monocarpia;Monocarpia;(Dunal) A. DC.;2000ABS-63;100002;South East Asia;South East Asia;NA;subtropical;NA;NA;NA;NA;NA
Monocyclanthus;Monocyclanthus;Annonaceae;Annonoideae;Monodoreae;Monodoreae;Monocyclanthus;Monocyclanthus;C. B. Rob.;2000ABS-64;100002;Africa - Continental;Africa - Continental;NA;subtropical;NA;NA;NA;NA;NA
Monodora;Monodora;Annonaceae;Annonoideae;Monodoreae;Monodoreae;Monodora;Monodora;Maas & Westra;2000ABS-65;100002;Africa - Continental;Africa - Continental;NA;subtropical;NA;NA;NA;NA;NA
Monoon;Monoon;Annonaceae;Malmeoideae;Miliuseae;Miliuseae;Monoon;Monoon;Timmerman;2000ABS-66;100002;South East Asia;South East Asia;NA;subtropical;NA;NA;NA;NA;NA
Mosannona;Mosannona;Annonaceae;Malmeoideae;Malmeeae;Malmeeae;Mosannona;Mosannona;R. E. Fr.;2000ABS-67;100002;South East Asia;South East Asia;NA;subtropical;NA;NA;NA;NA;NA
Mwasumbia;Mwasumbia;Annonaceae;Malmeoideae;Piptostigmateae;Piptostigmateae;Mwasumbia;Mwasumbia;(Exell) Versteegh & Sosef;2000ABS-68;100002;Africa - Continental;Africa - Continental;NA;subtropical;NA;NA;NA;NA;NA
Neo-uvaria;Neo-uvaria;Annonaceae;Malmeoideae;Miliuseae;Miliuseae;Neo-uvaria;Neo-uvaria;(Robyns & Ghesq.) Setten & Maas;2000ABS-69;100002;South East Asia;South East Asia;NA;subtropical;NA;NA;NA;NA;NA
Neostenanthera;Neostenanthera;Annonaceae;Annonoideae;Annoneae;Annoneae;Neostenanthera;Neostenanthera;(Oliv.) Setten & Maas;2000ABS-70;100002;Africa - Continental;Africa - Continental;NA;subtropical;NA;NA;NA;NA;NA
Onychopetalum;Onychopetalum;Annonaceae;Malmeoideae;Malmeeae;Malmeeae;Onychopetalum;Onychopetalum;(Engl. & Diels) Setten & Maas;2000ABS-71;100002;South/Central America;South/Central America;NA;subtropical;NA;NA;NA;NA;NA
Ophrypetalum;Ophrypetalum;Annonaceae;Annonoideae;Ophrypetaleae;Ophrypetaleae;Ophrypetalum;Ophrypetalum;(Robyns & Ghesq.) Setten & Maas;2000ABS-72;100002;Africa - Continental;Africa - Continental;NA;subtropical;NA;NA;NA;NA;NA
Orophea;Orophea;Annonaceae;Malmeoideae;Miliuseae;Miliuseae;Orophea;Orophea;(Le Thomas) Setten & Maas;2000ABS-73;100002;South East Asia;South East Asia;NA;subtropical;NA;NA;NA;NA;NA
Oxandra;Oxandra;Annonaceae;Malmeoideae;Malmeeae;Malmeeae;Oxandra;Oxandra;(Exell) Setten & Maas;2000ABS-74;100002;South/Central America;South/Central America;NA;subtropical;NA;NA;NA;NA;NA
Phaeanthus;Phaeanthus;Annonaceae;Malmeoideae;Miliuseae;Miliuseae;Phaeanthus;Phaeanthus;(DC.) Setten & Maas;2000ABS-75;100002;South East Asia;South East Asia;NA;subtropical;NA;NA;NA;NA;NA
Phoenicanthus;Phoenicanthus;Annonaceae;Malmeoideae;Phoenicantheae;Phoenicantheae;Phoenicanthus;Phoenicanthus;Maas & Junikka;2000ABS-76;100002;South East Asia;South East Asia;NA;subtropical;NA;NA;NA;NA;NA
Piptostigma;Piptostigma;Annonaceae;Malmeoideae;Piptostigmateae;Piptostigmateae;Piptostigma;Piptostigma;Saff.;2000ABS-77;100002;Africa - Continental;Africa - Continental;NA;subtropical;NA;NA;NA;NA;NA
Platymitra;Platymitra;Annonaceae;Malmeoideae;Miliuseae;Miliuseae;Platymitra;Platymitra;Mart.;2000ABS-78;100002;South East Asia;South East Asia;NA;subtropical;NA;NA;NA;NA;NA
Polyalthia;Polyalthia;Annonaceae;Malmeoideae;Miliuseae;Miliuseae;Polyalthia;Polyalthia;R. E. Fr.;2000ABS-79;100002;South East Asia;South East Asia;NA;subtropical;NA;NA;NA;NA;NA
Polyalthiopsis;Polyalthiopsis;Annonaceae;Malmeoideae;Miliuseae;Miliuseae;Polyalthiopsis;Polyalthiopsis;Aubl.;2000ABS-80;100002;South East Asia;South East Asia;NA;subtropical;NA;NA;NA;NA;NA
Polyceratocarpus;Polyceratocarpus;Annonaceae;Malmeoideae;Piptostigmateae;Piptostigmateae;Polyceratocarpus;Polyceratocarpus;(Maas & Westra) H. Rainer;2000ABS-81;100002;Africa - Continental;Africa - Continental;NA;subtropical;NA;NA;NA;NA;NA
Popowia;Popowia;Annonaceae;Malmeoideae;Miliuseae;Miliuseae;Popowia;Popowia;Huber;2000ABS-82;100002;South East Asia;South East Asia;NA;subtropical;NA;NA;NA;NA;NA
Porcelia;Porcelia;Annonaceae;Annonoideae;Bocageeae;Bocageeae;Porcelia;Porcelia;(R. E. Fr.) Maas & Westra;2000ABS-83;100002;South East Asia;South East Asia;NA;subtropical;NA;NA;NA;NA;NA
Pseudartabotrys;Pseudartabotrys;Annonaceae;Annonoideae;Duguetieae;Duguetieae;Pseudartabotrys;Pseudartabotrys;R. E. Fr.;2000ABS-84;100002;Africa - Continental;Africa - Continental;NA;subtropical;NA;NA;NA;NA;NA
Pseudephedranthus;Pseudephedranthus;Annonaceae;Malmeoideae;Malmeeae;Malmeeae;Pseudephedranthus;Pseudephedranthus;Kunth;2000ABS-85;100002;South/Central America;South/Central America;NA;subtropical;NA;NA;NA;NA;NA
Pseudomalmea;Pseudomalmea;Annonaceae;Malmeoideae;Malmeeae;Malmeeae;Pseudomalmea;Pseudomalmea;Barb. Rodr.;2000ABS-86;100002;South/Central America;South/Central America;NA;subtropical;NA;NA;NA;NA;NA
Pseudoxandra;Pseudoxandra;Annonaceae;Malmeoideae;Malmeeae;Malmeeae;Pseudoxandra;Pseudoxandra;(Maas & Westra) H. Rainer;2000ABS-87;100002;South/Central America;South/Central America;NA;subtropical;NA;NA;NA;NA;NA
Pseuduvaria;Pseuduvaria;Annonaceae;Malmeoideae;Miliuseae;Miliuseae;Pseuduvaria;Pseuduvaria;Urb.;2000ABS-88;100002;South East Asia;South East Asia;NA;subtropical;NA;NA;NA;NA;NA
Pyramidanthe;Pyramidanthe;Annonaceae;Annonoideae;Uvarieae;Uvarieae;Pyramidanthe;Pyramidanthe;R. E. Fr.;2000ABS-89;100002;South East Asia;South East Asia;NA;subtropical;NA;NA;NA;NA;NA
Ruizodendron;Ruizodendron;Annonaceae;Malmeoideae;Malmeeae;Malmeeae;Ruizodendron;Ruizodendron;(R. E. Fr.) H. Rainer;2000ABS-90;100002;South/Central America;South/Central America;NA;subtropical;NA;NA;NA;NA;NA
Sageraea;Sageraea;Annonaceae;Malmeoideae;Miliuseae;Miliuseae;Sageraea;Sageraea;A. Rich.;2000ABS-91;100002;South East Asia;South East Asia;NA;subtropical;NA;NA;NA;NA;NA
Sanrafaelia;Sanrafaelia;Annonaceae;Annonoideae;Ophrypetaleae;Ophrypetaleae;Sanrafaelia;Sanrafaelia;R. E. Fr.;2000ABS-92;100002;Africa - Continental;Africa - Continental;NA;subtropical;NA;NA;NA;NA;NA
Sapranthus;Sapranthus;Annonaceae;Malmeoideae;Miliuseae;Miliuseae;Sapranthus;Sapranthus;Warm.;2000ABS-93;100002;South/Central America;South/Central America;NA;subtropical;NA;NA;NA;NA;NA
Sirdavidia;Sirdavidia;Annonaceae;Malmeoideae;Piptostigmateae;Piptostigmateae;Sirdavidia;Sirdavidia;G. E. Schatz, C. Ramos & O. Ortiz;2000ABS-94;100002;Africa - Continental;Africa - Continental;NA;subtropical;NA;NA;NA;NA;NA
Sphaerocoryne;Sphaerocoryne;Annonaceae;Annonoideae;Uvarieae;Uvarieae;Sphaerocoryne;Sphaerocoryne;(R. E. Fr.) H. Rainer;2000ABS-95;100002;South East Asia;South East Asia;NA;subtropical;NA;NA;NA;NA;NA
Stelechocarpus;Stelechocarpus;Annonaceae;Malmeoideae;Miliuseae;Miliuseae;Stelechocarpus;Stelechocarpus;R. E. Fr.;2000ABS-96;100002;South East Asia;South East Asia;NA;subtropical;NA;NA;NA;NA;NA
Desmopsis;Desmopsis;Annonaceae;Malmeoideae;Miliuseae;Miliuseae;Desmopsis;Desmopsis;R. E. Fr.;2000ABS-97;100002;South/Central America;South/Central America;NA;subtropical;NA;NA;NA;NA;NA
Tetrameranthus;Tetrameranthus;Annonaceae;Ambavioideae;Tetramerantheae;Tetramerantheae;Tetrameranthus;Tetrameranthus;Westra & H.Rainer;2000ABS-98;100002;South/Central America;South/Central America;NA;subtropical;NA;NA;NA;NA;NA
Toussaintia;Toussaintia;Annonaceae;Annonoideae;Uvarieae;Uvarieae;Toussaintia;Toussaintia;C. Wright ex Griseb.;2000ABS-99;100002;Africa - Continental;Africa - Continental;NA;subtropical;NA;NA;NA;NA;NA
Tridimeris;Tridimeris;Annonaceae;Malmeoideae;Miliuseae;Miliuseae;Tridimeris;Tridimeris;(R. E. Fr.) H. Rainer;2000ABS-100;100002;South/Central America;South/Central America;NA;subtropical;NA;NA;NA;NA;NA
Trigynaea;Trigynaea;Annonaceae;Annonoideae;Bocageeae;Bocageeae;Trigynaea;Trigynaea;Saff.;2000ABS-101;100002;South/Central America;South/Central America;NA;subtropical;NA;NA;NA;NA;NA
Trivalvaria;Trivalvaria;Annonaceae;Malmeoideae;Miliuseae;Miliuseae;Trivalvaria;Trivalvaria;Mill.;2000ABS-102;100002;South East Asia;South East Asia;NA;subtropical;NA;NA;NA;NA;NA
Unonopsis;Unonopsis;Annonaceae;Malmeoideae;Malmeeae;Malmeeae;Unonopsis;Unonopsis;Triana & Planch.;2000ABS-103;100002;South/Central America;South/Central America;NA;subtropical;NA;NA;NA;NA;NA
Uvaria;Uvaria;Annonaceae;Annonoideae;Uvarieae;Uvarieae;Uvaria;Uvaria;Lepr.;2000ABS-104;100002;Africa - Continental;Africa - Continental;NA;subtropical;NA;NA;NA;NA;NA
Uvariastrum;Uvariastrum;Annonaceae;Annonoideae;Monodoreae;Monodoreae;Uvariastrum;Uvariastrum;Ruiz & Pav. ex G. Don;2000ABS-105;100002;Africa - Continental;Africa - Continental;NA;subtropical;NA;NA;NA;NA;NA
Uvariodendron;Uvariodendron;Annonaceae;Annonoideae;Monodoreae;Monodoreae;Uvariodendron;Uvariodendron;J.JimÈnez Ram. & J.C.Soto;2000ABS-106;100002;Africa - Continental;Africa - Continental;NA;subtropical;NA;NA;NA;NA;NA
Uvariopsis;Uvariopsis;Annonaceae;Annonoideae;Monodoreae;Monodoreae;Uvariopsis;Uvariopsis;(Szyszy?.) R. E. Fr.;2000ABS-107;100002;Africa - Continental;Africa - Continental;NA;subtropical;NA;NA;NA;NA;NA
Wangia;Wangia;Annonaceae;Malmeoideae;Miliuseae;Miliuseae;Wangia;Wangia;Mart.;2000ABS-108;100002;South East Asia;South East Asia;NA;subtropical;NA;NA;NA;NA;NA
Winitia;Winitia;Annonaceae;Malmeoideae;Miliuseae;Miliuseae;Winitia;Winitia;A. St.-Hil.;2000ABS-109;100002;South East Asia;South East Asia;NA;subtropical;NA;NA;NA;NA;NA
Wuodendron;Wuodendron;Annonaceae;Malmeoideae;Miliuseae;Miliuseae;Wuodendron;Wuodendron;Mart.;2000ABS-110;100002;South East Asia;South East Asia;NA;subtropical;NA;NA;NA;NA;NA
Xylopia;Xylopia;Annonaceae;Annonoideae;Xylopieae;Xylopieae;Xylopia;Xylopia;Mart.;2000ABS-111;100002;Africa - Continental;Africa - Continental;NA;subtropical;NA;NA;NA;NA;NA
